위도,경도,구분,시설명,소재지,설치연도,세부시설명,주관부서,기준일자
35.81283464,128.5367433,근린공원 관련 시설,월배공원,대구광역시 달서구 상인동 1421-22,2000,배드민턴장(철거),대구광역시 달서구 공원녹지과 공원2팀,2024-05-24
35.81283464,128.5367433,근린공원 관련 시설,월배공원,대구광역시 달서구 상인동 1421-22,2000,게이트볼장(철거),대구광역시 달서구 공원녹지과 공원2팀,2024-05-24
35.81283464,128.5367433,근린공원 관련 시설,월배공원,대구광역시 달서구 상인동 1421-22,2014,철거,대구광역시 달서구 공원녹지과 공원2팀,2024-05-24
35.83059144,128.5325798,근린공원 관련 시설,월성공원,대구광역시 달서구 월성동 280-1,1992,게이트볼장,대구광역시 달서구 공원녹지과 공원2팀,2024-05-24
35.83059144,128.5325798,근린공원 관련 시설,월성공원,대구광역시 달서구 월성동 280-1,2014,"온몸노젓기,윗몸일으키기,온몸역기올리기,온몸역기내리기,다리뻗치기,온몸허리돌리기,어깨근육풀기,등허리지압기,온몸근육풀기,하늘걷기,입식자전거",대구광역시 달서구 공원녹지과 공원2팀,2024-05-24
35.82595902,128.5405395,근린공원 관련 시설,학산공원,대구광역시 달서구 월성동 산1-1,1991,골프연습장,대구광역시 달서구 공원녹지과 공원2팀,2024-05-24
35.83203237,128.5388984,근린공원 관련 시설,학산공원,대구광역시 달서구 본동 1120,1995,다목적운동장,대구광역시 달서구 공원녹지과 공원2팀,2024-05-24
35.82595902,128.5405395,근린공원 관련 시설,학산공원,대구광역시 달서구 월성동 산1-1번지 등,2019,"윗몸일으키기,달리기,하체흔들기,허리돌리기,다리근육풀기,공중걷기,온몸근육풀기,좌식바이크운동,등허리지압기,온몸노젓기,체어플,다리뻗치기,터닝트위스트,하늘걷기,스트레칭로라,윗몸일으키기,체어웨이스트,레그스트레치",대구광역시 달서구 공원녹지과 공원2팀,2024-05-24
35.81798192,128.544591,근린공원 관련 시설,월곡공원,대구광역시 달서구 상인동 1530,1994,게이트볼장,대구광역시 달서구 공원녹지과 공원2팀,2024-05-24
35.81798192,128.544591,근린공원 관련 시설,월곡공원,대구광역시 달서구 상인동 1530,1994,배드민턴장,대구광역시 달서구 공원녹지과 공원2팀,2024-05-24
35.81798192,128.544591,근린공원 관련 시설,월곡공원,대구광역시 달서구 상인동 1530,2019,"공중걷기,윗몸일으키기,등허리지압기,앞으로 밀기,하체흔들기,터닝트위스트,트리플 트위스트,풀웨이트,스텝싸이클,워밍암,트윈트위스트,어깨근육풀기,노젓기,다리로 밀기, 오버턴 스트레칭",대구광역시 달서구 공원녹지과 공원2팀,2024-05-24
35.81277938,128.5489485,근린공원 관련 시설,월촌공원,대구광역시 달서구 상인로 68-4,2006,배드민턴장,대구광역시 달서구 공원녹지과 공원2팀,2024-05-24
35.81277938,128.5489485,근린공원 관련 시설,월촌공원,대구광역시 달서구 상인로 68-4,2018,"아래로 당기기,앞으로 밀기,등허리펴기,다리로 밀기,공중걷기,물구나무서기,하체흔들기,윗몸일으키기",대구광역시 달서구 공원녹지과 공원2팀,2024-05-24
35.8062601,128.5435924,근린공원 관련 시설,도원공원,대구광역시 달서구 미리샘길 26,1993,배구장,대구광역시 달서구 공원녹지과 공원2팀,2024-05-24
35.8062601,128.5435924,근린공원 관련 시설,도원공원,대구광역시 달서구 미리샘길 26,1993,배드민턴장,대구광역시 달서구 공원녹지과 공원2팀,2024-05-24
35.8062601,128.5435924,근린공원 관련 시설,도원공원,대구광역시 달서구 미리샘길 26,1993,농구장,대구광역시 달서구 공원녹지과 공원2팀,2024-05-24
35.8062601,128.5435924,근린공원 관련 시설,도원공원,대구광역시 달서구 미리샘길 26,2008,"좌식싸이클,구름사다리,몸통비틀기,평행봉,링운동,뛰어오르기,복근운동,팔굽혀펴기,인클라인벤치프레스,철봉,몸통비틀기,평행봉,자전거,줄타기,체어플,싸이클,트윈워밍암,트윈트위스트,레그프레스,롤링웨이스트,스트레칭로라,스텝싸이클,크로스컨트리,트윈워밍암+롤링웨이스트,오금펴기,체어플",대구광역시 달서구 공원녹지과 공원2팀,2024-05-24
35.83576482,128.5223978,근린공원 관련 시설,대곡공원,대구광역시 달서구 한실로6길 6,1993,배드민턴장,대구광역시 달서구 공원녹지과 공원2팀,2024-05-24
35.83576482,128.5223978,근린공원 관련 시설,대곡공원,대구광역시 달서구 한실로6길 6,2014,"큰활차머신,써핑롤링머신,체스트업머신,스윙워커 머신,워킹트레이너머신",대구광역시 달서구 공원녹지과 공원2팀,2024-05-24
35.82364648,128.5129885,근린공원 관련 시설,월천공원,대구광역시 달서구 대천동 1022,2004,다목적운동장,대구광역시 달서구 공원녹지과 공원2팀,2024-05-24
35.82364648,128.5129885,근린공원 관련 시설,월천공원,대구광역시 달서구 대천동 1022,2018,"공중걷기, 하체흔들기, 달리기",대구광역시 달서구 공원녹지과 공원2팀,2024-05-24
35.82258274,128.5535536,근린공원 관련 시설,승마장앞 공원,대구광역시 달서구 송현동 695,1997,배드민턴장,대구광역시 달서구 공원녹지과 공원2팀,2024-05-24
35.7988027,128.5482878,근린공원 관련 시설,월광수변공원,대구광역시 달서구 월곡로 5,2000,다목적운동장,대구광역시 달서구 공원녹지과 공원2팀,2024-05-24
35.7988027,128.5482878,근린공원 관련 시설,월광수변공원,대구광역시 달서구 월곡로 5,2000,게이트볼장,대구광역시 달서구 공원녹지과 공원2팀,2024-05-24
35.7988027,128.5482878,근린공원 관련 시설,월광수변공원,대구광역시 달서구 월곡로 5,2017,인라인스케이트장,대구광역시 달서구 공원녹지과 공원2팀,2024-05-24
35.7988027,128.5482878,근린공원 관련 시설,월광수변공원,대구광역시 달서구 월곡로 5,2017,"공중걷기,달리기,노젓기,윗몸일으키기,상체근육풀기,하체근육풀기,물결타기,하체근육풀기,등허리지압기,허리돌리기,역기올리기",대구광역시 달서구 공원녹지과 공원2팀,2024-05-24
35.8281201,128.5288887,근린공원 관련 시설,월명공원,대구광역시 달서구 월성동 87,2014,배드민턴장,대구광역시 달서구 공원녹지과 공원2팀,2024-05-24
35.8281201,128.5288887,근린공원 관련 시설,월명공원,대구광역시 달서구 월성동 87,2014,농구장,대구광역시 달서구 공원녹지과 공원2팀,2024-05-24
35.8281201,128.5288887,근린공원 관련 시설,월명공원,대구광역시 달서구 월성동 87,2014,"다리로 밀기,하체른들기,윗몸일으키기,어깨근육풀기,로프당기기,평행봉,철봉,허리돌리기,등허리펴기,온몸근육풀기,온몸노젓기,다리뻗치기,등허리지압기,마라톤운동,하늘걷기",대구광역시 달서구 공원녹지과 공원2팀,2024-05-24
35.81960198,128.518695,근린공원 관련 시설,한샘근린공원,대구광역시 달서구 대천동 353-5,2018,"공중걷기, 허리돌리기+파도타기, 달리기",대구광역시 달서구 공원녹지과 공원2팀,2024-05-24
35.86237356,128.5052331,근린공원 관련 시설,배실(상)공원,대구광역시 달서구 이곡동 260,2017,"마라톤운동,온몸근육풀기,하늘걷기,옆파도타기,거꾸로매달리기",대구광역시 달서구 공원녹지과 공원1팀,2024-05-24
35.85653427,128.5006233,근린공원 관련 시설,와룡(아래)공원,대구광역시 달서구 이곡동 1191-2,1995,게이트볼장,대구광역시 달서구 공원녹지과 공원1팀,2024-05-24
35.85653427,128.5006233,근린공원 관련 시설,와룡(아래)공원,대구광역시 달서구 이곡동 1191-2,1995,배드민턴장,대구광역시 달서구 공원녹지과 공원1팀,2024-05-24
35.85653427,128.5006233,근린공원 관련 시설,와룡(아래)공원,대구광역시 달서구 이곡동 1191-2,1995,다목적운동장,대구광역시 달서구 공원녹지과 공원1팀,2024-05-24
35.85653427,128.5006233,근린공원 관련 시설,와룡(아래)공원,대구광역시 달서구 이곡동 1191-2,2018,"윗몸일으키기, 공중걷기, 달리기, 하체흔들기, 온몸근육풀기, 옆파도타기, 어깨근육풀기, 철봉, 평행봉",대구광역시 달서구 공원녹지과 공원1팀,2024-05-24
35.86131868,128.5095668,근린공원 관련 시설,불미골공원,대구광역시 달서구 이곡동 1327,1998,배드민턴장,대구광역시 달서구 공원녹지과 공원1팀,2024-05-24
35.85443771,128.514682,근린공원 관련 시설,이곡생수공원,대구광역시 달서구 이곡동 1301-2,1998,게이트볼장,대구광역시 달서구 공원녹지과 공원1팀,2024-05-24
35.85443771,128.514682,근린공원 관련 시설,이곡생수공원,대구광역시 달서구 이곡동 1301-2,2018,"어깨근육풀기, 3단철봉대, 허리펴기, 평행봉, 트윈트위스트, 크로스컨트리, 양팔줄당기기, 자전거타기, 윗몸일으키기, 등허리지압기, 가로하늘타기+말타기, 가로하늘타기+하늘걷기, 허리돌리기+윗몸일으키기",대구광역시 달서구 공원녹지과 공원1팀,2024-05-24
35.86111207,128.5178145,근린공원 관련 시설,선원공원,대구광역시 달서구 용산동 505-2,1998,배드민턴장,대구광역시 달서구 공원녹지과 공원1팀,2024-05-24
35.86218563,128.5154962,근린공원 관련 시설,선원공원,대구광역시 달서구 이곡동 1343-3,2017,"가로하늘타기, 허리돌리기2, 하늘걷기, 온몸허리돌리기, 달리기, 등허리지압기, 어꺠근육풀기, 온몸근육풀기, 윗몸일으키기, 레그프레스, 롤링웨이스트, 체어웨이트, 좌식싸이클, 다리근육풀기, 공중걷기",대구광역시 달서구 공원녹지과 공원1팀,2024-05-24
35.85242937,128.4795288,근린공원 관련 시설,강창공원,대구광역시 달서구 호산동 349,1997,다목적운동장,대구광역시 달서구 공원녹지과 공원1팀,2024-05-24
35.85242937,128.4795288,근린공원 관련 시설,강창공원,대구광역시 달서구 호산동 349,1997,게이트볼장,대구광역시 달서구 공원녹지과 공원1팀,2024-05-24
35.85242937,128.4795288,근린공원 관련 시설,강창공원,대구광역시 달서구 호산동 349,2016,"공중걷기, 온몸허리돌리기, 윗몸일으키기, 온몸근육풀기, 온몸역기내리기, 다리뻗치기, 양팔줄당기기, 옆파도타기, 거꾸로매달리기, 마라톤운동기구",대구광역시 달서구 공원녹지과 공원1팀,2024-05-24
35.85598189,128.5285095,근린공원 관련 시설,용산근린공원,대구광역시 달서구 용산동 949,1998,게이트볼장,대구광역시 달서구 공원녹지과 공원1팀,2024-05-24
35.85598189,128.5285095,근린공원 관련 시설,용산근린공원,대구광역시 달서구 용산동 949,2001,다목적운동장(2),대구광역시 달서구 공원녹지과 공원1팀,2024-05-24
35.85598189,128.5285095,근린공원 관련 시설,용산근린공원,대구광역시 달서구 용산동 949,2018,"거꾸로 매달리기, 하체흔들기 윗몸일으키기, 온몸근육풀기, 공중걷기, 허리돌리기, 로프당기기, 온몸역기올리기+온몸역기내리기, 다리뻗치기, 마라톤운동, 등허리지압기, 공중걷기, 온몸허리돌리기, 윗몸일으키기, 어꺠근육풀기, 양팔줄당기기, 입식자전거운동, 거꾸로 매달리기",대구광역시 달서구 공원녹지과 공원1팀,2024-05-24
35.84084535,128.5292391,근린공원 관련 시설,무지개공원,대구광역시 달서구 본리동 1205,2000,다목적운동장,대구광역시 달서구 공원녹지과 공원1팀,2024-05-24
35.84084535,128.5292391,근린공원 관련 시설,무지개공원,대구광역시 달서구 본리동 1205,2017,"거꾸로매달리기, 다리로밀기, 노젓기, 아래로당기기+앞으로밀기, 공중걷기+하체흔들기, 입식사이클, 레그익스텐션, 워밍암, 트윈바디싣업, 롤링웨이스트, 스텝사이클, 풀웨이트, 트리플트위스트, 트윈워밍암, 스트레칭로라, 로프당기기, 철봉2, 평행봉",대구광역시 달서구 공원녹지과 공원1팀,2024-05-24
35.84272922,128.4889018,근린공원 관련 시설,호림근린공원,대구광역시 달서구 호산동 714,2001,다목적운동장,대구광역시 달서구 공원녹지과 공원1팀,2024-05-24
35.84272922,128.4889018,근린공원 관련 시설,호림근린공원,대구광역시 달서구 호산동 714,2013,"허리돌리기, 하체흔들기, 공중걷기, 온몸근육풀기",대구광역시 달서구 공원녹지과 공원1팀,2024-05-24
35.8379003,128.47943,근린공원 관련 시설,상호림공원,대구광역시 달서구 호림동 1-6,2001,다목적운동장,대구광역시 달서구 공원녹지과 공원1팀,2024-05-24
35.83406642,128.4847088,근린공원 관련 시설,호림강나루,대구광역시 달서구 대천동 900,2001,농구장,대구광역시 달서구 공원녹지과 공원1팀,2024-05-24
35.83406642,128.4847088,근린공원 관련 시설,호림강나루,대구광역시 달서구 대천동 900,2001,배드민턴장,대구광역시 달서구 공원녹지과 공원1팀,2024-05-24
35.83406642,128.4847088,근린공원 관련 시설,호림강나루,대구광역시 달서구 대천동 900,2001,축구장,대구광역시 달서구 공원녹지과 공원1팀,2024-05-24
35.84898659,128.4839363,근린공원 관련 시설,호산공원,대구광역시 달서구 호산동 357-60,2007,배드민턴장,대구광역시 달서구 공원녹지과 공원1팀,2024-05-24
35.84898659,128.4839363,근린공원 관련 시설,호산공원,대구광역시 달서구 호산동 357-60,2015,"트윈바디싯업2, 트윈트위스트2, 가로하늘타기, 상체근육풀기, 철봉2",대구광역시 달서구 공원녹지과 공원1팀,2024-05-24
35.85808765,128.5147832,근린공원 관련 시설,이곡장미공원,대구광역시 달서구 이곡동 1306-6,2018,"허리돌리기, 팔관절운동, 자전거, 거꾸로매달리기, 온몸노젓기, 하늘걷기, 등허리지압기, 윗몸일으키기, 온몸역기내리기, 마라톤운동, 옆파도타기, 철봉",대구광역시 달서구 공원녹지과 공원1팀,2024-05-24
35.85829159,128.5006897,근린공원 관련 시설,와룡(위)공원,대구광역시 달서구 이곡동 1189,2016,"온몸허리돌리기, 마라톤운동, 다리뻗치기, 하늘걷기, 온몸근육풀기, 윗몸일으키기, 등허리지압기,거꾸로매달리기",대구광역시 달서구 공원녹지과 공원1팀,2024-05-24
35.84565165,128.5225735,근린공원 관련 시설,장기근린공원,대구광역시 달서구 장기동 산5외 11필,2009,"스트레칭로라, 체어플, TM트윈트위스트, 스텝싸이클, 크로스컨트리, 레그프레스, 트리플트위스트",대구광역시 달서구 공원녹지과 공원1팀,2024-05-24
35.83660911,128.4889195,근린공원 관련 시설,과학단지근린공원,대구광역시 달서구 호림동 13-11,2013,"허리돌리기, 하체흔들기, 공중걷기, 온몸근육풀기",대구광역시 달서구 공원녹지과 공원1팀,2024-05-24
35.8049038,128.5324963,어린이공원 관련 시설,별모람 어린이공원,대구광역시 달서구 도원동 1441-2,1992,"게이트볼장,온몸허리돌리기, 등허리지압기, 옆파도타기, 마라톤운동, 양팔줄당기기, 하늘걷기, 윗몸일으키기, 다리뻗치기, 온몸근육풀기, 온몸역기들기",대구광역시 달서구 공원녹지과 공원2팀,2024-05-24
35.8114448,128.5187192,어린이공원 관련 시설,장미어린이공원,대구광역시 달서구 진천동 780,1999,게이트볼장,대구광역시 달서구 공원녹지과 공원2팀,2024-05-24
35.84030377,128.5415227,어린이공원 관련 시설,본리어린이공원,대구광역시 달서구 본리동 88-4,1996,족구장,대구광역시 달서구 공원녹지과 공원1팀,2024-05-24
35.84030377,128.5415227,어린이공원 관련 시설,본리어린이공원,대구광역시 달서구 본리동 88-4,1996,인라인스케이트장,대구광역시 달서구 공원녹지과 공원1팀,2024-05-24
35.84030377,128.5415227,어린이공원 관련 시설,본리어린이공원,대구광역시 달서구 본리동 88-4,1996,게이트볼장,대구광역시 달서구 공원녹지과 공원1팀,2024-05-24
35.84600619,128.5461557,어린이공원 관련 시설,원화어린이공원,대구광역시 달서구 성당동 701-5,2020,"윗몸일으키기, 워밍암, 허리돌리기, 공중걷기, 체어풀(노젓기)",대구광역시 달서구 공원녹지과 공원1팀,2024-05-24
35.84135895,128.54536,어린이공원 관련 시설,성당소공원,대구광역시 달서구 성당동 599-5,2021,"트윈워밍암, 체어웨이트, 크로스컨트리, 트윈바디싣업, 롤링웨이스트, 입식사이클",대구광역시 달서구 공원녹지과 공원1팀,2024-05-24
35.84179804,128.5518277,어린이공원 관련 시설,성당천체어린이공원,대구광역시 달서구 성당동497,2019,"트윈바디싯업, 워밍암, 트윈트위스트, 공중걷기, 허리돌리기2",대구광역시 달서구 공원녹지과 공원1팀,2024-05-24
35.85701996,128.5599273,어린이공원 관련 시설,상록어린이공원,대구광역시 달서구 두류동 140-2,2018,"크로스워킹+스카이워킹,스탠드업+마사지롤, 사이드스윙+터닝암, 파워싸이클+트위스트, 양팔줄당기기, 푸시웨이트+레그프레스",대구광역시 달서구 공원녹지과 공원1팀,2024-05-24
35.85207978,128.552353,어린이공원 관련 시설,달서어린이공원,대구광역시 달서구 두류동 636-3,2019,"공중걷기, 노젓기+허리돌리기, 상체근육풀기+철봉, 윗몸일으키기",대구광역시 달서구 공원녹지과 공원1팀,2024-05-24
35.85474065,128.5519287,어린이공원 관련 시설,희망어린이공원,대구광역시 달서구 두류동 496-11,2019,"가로하늘타기+앉아밀기, 앉아당기기+앉아밀어주기, 온몸허리돌리기+허리돌리기, 하늘걷기+달리기, 공중걷기, 상체근육풀기, 파도타기",대구광역시 달서구 공원녹지과 공원1팀,2024-05-24
35.84030377,128.5415227,어린이공원 관련 시설,본리어린이공원,대구광역시 달서구 본리동 88-4,2018,"마라톤운동, 등허리지압기2, 온몸역기내리기, 온몸허리돌리기, 온몸근육풀기, 윗몸일으키기, 철봉운동, 하체흔들기, 입식사이클, 윗몸일으키기+허리돌리기, 온몸근육풀기+어깨근육풀기, 거꾸로매달리기, 양팔줄당기기, 옆파도타기, 다리로밀기, 철봉",대구광역시 달서구 공원녹지과 공원1팀,2024-05-24
35.8397048,128.5323752,어린이공원 관련 시설,백조해양어린이공원,대구광역시 달서구 본리동 640-1,2017,"크로스컨트리,트윈트위스트, 롤링웨이스트,바디싣업",대구광역시 달서구 공원녹지과 공원1팀,2024-05-24
35.84983933,128.5456064,어린이공원 관련 시설,삼각지어린이공원,대구광역시 달서구 감삼동 123,2018,"밸런스스테이션, 스텝사이클+롤링웨이스트, 크로스컨트리+입식사이클",대구광역시 달서구 공원녹지과 공원1팀,2024-05-24
35.84528241,128.5427854,어린이공원 관련 시설,곤충어린이공원,대구광역시 달서구 감삼동 295-8,2017,"허리돌리기, 달리기, 하체흔들기, 온몸근육풀기",대구광역시 달서구 공원녹지과 공원1팀,2024-05-24
35.85261858,128.5349085,어린이공원 관련 시설,거인나라어린이공원,대구광역시 달서구 죽전동 261-2,2018,"온몸역기올리기, 마라톤운동, 옆파도타기, 자가발전입식사이클, 자가발전입식사이클(3인)",대구광역시 달서구 공원녹지과 공원1팀,2024-05-24
35.85223055,128.5390354,어린이공원 관련 시설,대림어린이공원,대구광역시 달서구 죽전동 253-1,2021,"상체근육풀기, 공중걷기, 윗몸일으키기, 등허리지압기, 달리기, 역기내리기+허리돌리기, 입식싸이클",대구광역시 달서구 공원녹지과 공원1팀,2024-05-24
35.8551821,128.5360883,어린이공원 관련 시설,춘추어린이공원,대구광역시 달서구 죽전동 376-4,2022,"말타기+앉아밀기, 허리돌리기+하늘걷기, 가로하늘타기, 상체근육풀기, 자전거타기, 철봉",대구광역시 달서구 공원녹지과 공원1팀,2024-05-24
35.84270001,128.5357937,어린이공원 관련 시설,궁전어린이공원,대구광역시 달서구 장기동 541,2020,"크로스워킹+스카이워킹, 사이드스윙+터닝암, 스탠드업+마사지롤",대구광역시 달서구 공원녹지과 공원1팀,2024-05-24
35.85375049,128.5337315,어린이공원 관련 시설,공룡어린이공원,대구광역시 달서구 용산동 892-2,2019,"온몸허리돌리기, 어깨근육풀기, 입식사이클운동, 온몸근육풀기, 하늘걷기, 양팔줄당기기",대구광역시 달서구 공원녹지과 공원1팀,2024-05-24
35.85638579,128.5329631,어린이공원 관련 시설,용산미로어린이공원,대구광역시 달서구 용산동 873,2021,"허리돌리기, 윗몸일으키기, 평행봉, 온몸근육풀기, 허리돌리기, 달리기, 로프당기기",대구광역시 달서구 공원녹지과 공원1팀,2024-05-24
35.85515759,128.5314712,어린이공원 관련 시설,샘골어린이공원,대구광역시 달서구 용산동 952,2017,"공중걷기, 하체흔들기, 허리돌리기, 온몸근육풀기, 거꾸로매달리기",대구광역시 달서구 공원녹지과 공원1팀,2024-05-24
35.8598853,128.52631,어린이공원 관련 시설,큰못어린이공원,대구광역시 달서구 용산동 922-1,2019,"온몸근육풀기, 허리돌리기, 달리기, 크로스워킹+스카이워킹, 파워사이클+트위스트, 양팔줄당기기",대구광역시 달서구 공원녹지과 공원1팀,2024-05-24
35.86192161,128.5140108,어린이공원 관련 시설,용강어린이공원,대구광역시 달서구 이곡동 1342-1,2020,"워밍암+스템사이클, 크로스컨트리+체어풀, 트윈트위스트+트윈바디싣업",대구광역시 달서구 공원녹지과 공원1팀,2024-05-24
35.85642984,128.5250249,어린이공원 관련 시설,장산어린이공원,대구광역시 달서구 용산동 940-7,2020,"허리돌리기+온몸허리돌리기, 하늘걷기+달리기, 자전거타기, 앉아밀어주기+앉아당기기, 평행봉+허리마사지",대구광역시 달서구 공원녹지과 공원1팀,2024-05-24
35.85410096,128.5216881,어린이공원 관련 시설,용하어린이공원 ,대구광역시 달서구 용산동 423,2019,"철봉, 워밍암+스텝사이클, 스트레칭롤러+롤링웨이스트, 크로스컨트리+체어풀, 체어웨이트+풀웨이트, 트위스트+바디싯업",대구광역시 달서구 공원녹지과 공원1팀,2024-05-24
35.85703549,128.5225599,어린이공원 관련 시설,새동네어린이공원,대구광역시 달서구 용산동 459-1,2018,"하늘걷기+달리기, 말타기+윗몸일으키기, 온몸허리돌리기+허리돌리기",대구광역시 달서구 공원녹지과 공원1팀,2024-05-24
35.8614499,128.5209723,어린이공원 관련 시설,병풍바위어린이공원,대구광역시 달서구 용산동 517,2021,"마라톤운동, 팔관절운동, 원그리기, 레그프레스, 허리돌리기, 윗몸일으키기, 가로하늘타기, 하늘걷기",대구광역시 달서구 공원녹지과 공원1팀,2024-05-24
35.85207924,128.5181652,어린이공원 관련 시설,보람어린이공원,대구광역시 달서구 용산동 410-1,2020,"달리기, 큰활차, 앉아밀기, 허리돌리기, 마라톤운동+허리돌리기, 다리뻗기+옆파도타기",대구광역시 달서구 공원녹지과 공원1팀,2024-05-24
35.85342381,128.5177976,어린이공원 관련 시설,성지어린이공원,대구광역시 달서구 용산동 412-2,2017,"원그리기, 마라톤운동, 허리운동, 스카이워킹, 마사지롤",대구광역시 달서구 공원녹지과 공원1팀,2024-05-24
35.85808388,128.519832,어린이공원 관련 시설,한마음어린이공원,대구광역시 달서구 용산동 419-22,2016,"하늘걷기, 허리돌리기, 달리기, 원그리기",대구광역시 달서구 공원녹지과 공원1팀,2024-05-24
35.86053658,128.5237234,어린이공원 관련 시설,용산본어린이공원,대구광역시 달서구 용산동 564-1,2019,"공중걷기, 허리돌리기, 하체흔들기, 온몸근육풀기, 달리기, 평행봉",대구광역시 달서구 공원녹지과 공원1팀,2024-05-24
35.86047791,128.5288716,어린이공원 관련 시설,용산어린이공원,대구광역시 달서구 용산동 911-1,2018,"파워싸이클+트위스트, 크로스워킹+스카이워킹, 파워프레스+풀웨이트, 사이드스윙+터닝암",대구광역시 달서구 공원녹지과 공원1팀,2024-05-24
35.85688897,128.5126607,어린이공원 관련 시설,이곡어린이공원,대구광역시 달서구 이곡1동 1304-2,2018,"하체흔들기+공중걷기, 온몸근육풀기+허리돌리기, 하늘걷기, 입식사이클",대구광역시 달서구 공원녹지과 공원1팀,2024-05-24
35.8557268,128.508302,어린이공원 관련 시설,이곡목련어린이공원,대구광역시 달서구 이곡동 1240,2018,"크로스워킹+스카이워킹, 사이드스윙+터닝암, 트위스트, 파워싸이클",대구광역시 달서구 공원녹지과 공원1팀,2024-05-24
35.85292679,128.5032909,어린이공원 관련 시설,사령봉어린이공원,대구광역시 달서구 이곡동 1216,2018,"풀웨이트, 롤링웨이스트, 스텝사이클, 워밍암",대구광역시 달서구 공원녹지과 공원1팀,2024-05-24
35.85983664,128.5019396,어린이공원 관련 시설,배꽃어린이공원,대구광역시 달서구 이곡동 1184-5,2021,"온몸근육풀기, 허리돌리기, 달리기, 하체흔들기",대구광역시 달서구 공원녹지과 공원1팀,2024-05-24
35.84476028,128.5285234,어린이공원 관련 시설,초록어린이공원,대구광역시 달서구 장기동 813-2,2018,"공중걷기, 하체흔들기, 허리돌리기, 등허리지압기, 근력강화머신, 거꾸로매달리기, 온몸근육풀기, 좌식사이클, 어르신운동기구",대구광역시 달서구 공원녹지과 공원1팀,2024-05-24
35.8463876,128.5274051,어린이공원 관련 시설,파랑새어린이공원,대구광역시 달서구 장기동 814-2,2015,"공중걷기, 달리기, 허리돌리기, 다리로밀기, 온몸근육풀기",대구광역시 달서구 공원녹지과 공원1팀,2024-05-24
35.85467853,128.493869,어린이공원 관련 시설,점터어린이공원,대구광역시 달서구 신당동 1801,2022,"온몸근육풀기, 허리돌리기, 좌식사이클, 달리기",대구광역시 달서구 공원녹지과 공원1팀,2024-05-24
35.85396218,128.4970863,어린이공원 관련 시설,청록어린이공원,대구광역시 달서구 신당동 1846-2,2017,"트윈트위스트, 워밍암, 풀웨이트, 크로스컨트리",대구광역시 달서구 공원녹지과 공원1팀,2024-05-24
35.86087533,128.4992666,어린이공원 관련 시설,계골산어린이공원,대구광역시 달서구 신당동 1683,2017,"허리돌리기, 공중걷기, 달리기",대구광역시 달서구 공원녹지과 공원1팀,2024-05-24
35.85950078,128.5709285,어린이공원 관련 시설,능금어린이공원,대구광역시 달서구 두류동 1213,2018,"하늘걷기+양팔줄당기기, 마라톤운동+온몸허리돌리기, 다리뻗치기+윗몸일으키기, 입식자전거운동+좌식자전거운동, 공중걷기, 하체흔들기, 등허리지압기, 허리돌리기, 온몸근육풀기",대구광역시 달서구 공원녹지과 공원1팀,2024-05-24
35.85741103,128.4935096,어린이공원 관련 시설,돌산어린이공원 ,대구광역시 달서구 신당동 1716,2018,"풀웨이트, 스텝사이클, 롤링웨이스트, 워밍암, 레그프레스",대구광역시 달서구 공원녹지과 공원1팀,2024-05-24
35.85236972,128.4942089,어린이공원 관련 시설,갈뫼어린이공원,대구광역시 달서구 신당동 1834-5,2016,"평행봉, 철봉, 크로스컨트리, 핸들웨이트, 롤링웨이스트, 트윈트위스트, 바디싣업",대구광역시 달서구 공원녹지과 공원1팀,2024-05-24
35.84872981,128.5398309,어린이공원 관련 시설,감삼(목련)어린이공원,대구광역시 달서구 감삼동 165-2,2019,"허리돌리기+달리기, 윗몸일으키기, 허리돌리기+하체흔들기, 공중걷기+하체흔들기, 아래로당기기+앞으로밀기",대구광역시 달서구 공원녹지과 공원1팀,2024-05-24
35.83877235,128.5292253,어린이공원 관련 시설,구마어린이공원,대구광역시 달서구 본리동 1212-1,2018,"허리돌리기, 노젓기, 하체흔들기, 공중걷기, 등허리지압기, 온몸근육풀기+어깨근육풀기",대구광역시 달서구 공원녹지과 공원1팀,2024-05-24
35.84244486,128.5282977,어린이공원 관련 시설,길우어린이공원,대구광역시 달서구 장기동 825-5,2020,"평행봉, 레그프레스, 트윈트위스트, 롤링웨이스트, 크로스컨트리, 워밍암",대구광역시 달서구 공원녹지과 공원1팀,2024-05-24
35.85761121,128.5102738,어린이공원 관련 시설,미소어린이공원,대구광역시 달서구 이곡동 1306-3,2020,"철봉, 상체근육풀기, 공중걷기, 허리돌리기, 하늘걷기+달리기, 양팔줄당기기, 파워싸이클+트위스트",대구광역시 달서구 공원녹지과 공원1팀,2024-05-24
35.85408901,128.5182115,어린이공원 관련 시설,용주어린이공원,대구광역시 달서구 용산동 414-3,2021,"온몸근육풀기, 윗몸일으키기, 하체흔들기, 공중걷기, 양팔줄당기기",대구광역시 달서구 공원녹지과 공원1팀,2024-05-24
35.8149591,128.5333051,어린이공원 관련 시설,해바라기어린이공원,대구광역시 달서구 상인2동1442,2017,"좌식싸이클, 윗몸일으키기, 등허리지압기, 자전거타기, 앉아밀어주기+윗몸일으키기, 하늘걷기+큰활차, 달리기운동+허리돌리기",대구광역시 달서구 공원녹지과 공원2팀,2024-05-24
35.81687997,128.5371137,어린이공원 관련 시설,달배어린이공원,대구광역시 달서구 상인2동 1404,2018,"크로스컨트리, 스트레칭롤라, 트윈트위스트, 워밍암,스텝사이클",대구광역시 달서구 공원녹지과 공원2팀,2024-05-24
35.81499871,128.5365477,어린이공원 관련 시설,민들레어린이공원,대구광역시 달서구 상인동 1429-1,2007,"하늘걷기, 온몸역기올리기 어깨근육풀기, 온몸역기내리기",대구광역시 달서구 공원녹지과 공원2팀,2024-05-24
35.81100777,128.5441117,어린이공원 관련 시설,매화어린이공원,대구광역시 달서구 상인동 1109-10,2014,"싸이클(좌식), 허리돌리기,공중걷기,온몸근육풀기",대구광역시 달서구 공원녹지과 공원2팀,2024-05-24
35.80967377,128.5500446,어린이공원 관련 시설,채정어린이공원,대구광역시 달서구 상인3동 1581,2011,"온몸근육풀기, 허리돌리기, 공중걷기",대구광역시 달서구 공원녹지과 공원2팀,2024-05-24
35.80784043,128.5547457,어린이공원 관련 시설,장미어린이공원,대구광역시 달서구 상인3동 1592-3,2015,"마라톤운동, 다리 뻗치기,온몸 허리돌리기, 온몸역기올리기+온몸근육풀기,옆파도타기+양팔줄당기기, 하늘걷기+어깨근육풀기",대구광역시 달서구 공원녹지과 공원2팀,2024-05-24
35.83169653,128.5353986,어린이공원 관련 시설,한마음어린이공원,대구광역시 달서구 본동 616-5,2009,"크로스컨트리, 트리플트위스트,롤링웨이스트, 달리기, 어깨근육풀기",대구광역시 달서구 공원녹지과 공원2팀,2024-05-24
35.83389952,128.5345611,어린이공원 관련 시설,애화어린이공원,대구광역시 달서구 본동 616-3,2011,"온몸근육풀기, 등허리지압기+(기존3점)",대구광역시 달서구 공원녹지과 공원2팀,2024-05-24
35.83586853,128.5396771,어린이공원 관련 시설,피터팬어린이공원,대구광역시 달서구 본동 790,2013,"공중걷기, 허리돌리기, 온몸근육풀기, 하체흔들기",대구광역시 달서구 공원녹지과 공원2팀,2024-05-24
35.82446957,128.5528916,어린이공원 관련 시설,치영어린이공원,대구광역시 달서구 송현1동 1966-5,2007,"트리플트위스트, 스텝싸이클",대구광역시 달서구 공원녹지과 공원2팀,2024-05-24
35.82895733,128.5569737,어린이공원 관련 시설,장관어린이공원,대구광역시 달서구 송현1동 1993-2,2007,"마라톤 운동, 온몸 허리돌리기,온몸역기내리기, 윗몸일으키기",대구광역시 달서구 공원녹지과 공원2팀,2024-05-24
35.82627731,128.5556933,어린이공원 관련 시설,송지어린이공원,대구광역시 달서구 송현1동 1977,2012,"윗몸일으키기, 허리돌리기",대구광역시 달서구 공원녹지과 공원2팀,2024-05-24
35.82926113,128.5536555,어린이공원 관련 시설,솔밭어린이공원,대구광역시 달서구 송현1동 1982-1,2019,"하체흔들기, 공중걷기, 근력강화머신, 온몸근육풀기",대구광역시 달서구 공원녹지과 공원2팀,2024-05-24
35.82295844,128.5502582,어린이공원 관련 시설,대남전원어린이공원,대구광역시 달서구 송현1동 1955-1,2013,"하늘걷기, 온몸노젓기+온몸허리돌리기,옆파도타기+앙팔줄당기기, 온몸역기올리기+온몸근육풀기",대구광역시 달서구 공원녹지과 공원2팀,2024-05-24
35.82668111,128.5462775,어린이공원 관련 시설,구암어린이공원,대구광역시 달서구 송현2동 1918-2,2018,"풀웨이트, 트리플트위스트, 하체흔들기, 공중걷기, 마라통운동, 온몸근육풀기, 바디싣업",대구광역시 달서구 공원녹지과 공원2팀,2024-05-24
35.83299096,128.5520654,어린이공원 관련 시설,토끼와거북이어린이공원,대구광역시 달서구 송현2동 147,2013,"허리돌리기, 공중걷기, 앞으로밀기",대구광역시 달서구 공원녹지과 공원2팀,2024-05-24
35.83162672,128.5267426,어린이공원 관련 시설,학산어린이공원,대구광역시 달서구 월성2동 84-3,2009,"온몸노젖기, 마라톤운동,등허리지압기, 하늘걷기",대구광역시 달서구 공원녹지과 공원2팀,2024-05-24
35.83315542,128.531634,어린이공원 관련 시설,창공어린이공원,대구광역시 달서구 월성2동 270-3,2011,"어깨근육풀기, 허리돌리기,윗몸일으키기, 공중걷기",대구광역시 달서구 공원녹지과 공원2팀,2024-05-24
35.83265085,128.533623,어린이공원 관련 시설,미성어린이공원,대구광역시 달서구 월성2동 270-4,2018,"트리블트위스트, 레그프레스,스텝사이클, 온몸근육풀기, 하체흔들기, 공중걷기, 허리돌리기, 달리기, 노젓기",대구광역시 달서구 공원녹지과 공원2팀,2024-05-24
35.8143016,128.5291288,어린이공원 관련 시설,진천어린이공원,대구광역시 달서구 진천동 223-31,2018,"TM크로스컨트리, TM트윈트위스트, 워밍암, 롤링웨이스트, 레그프레스",대구광역시 달서구 공원녹지과 공원2팀,2024-05-24
35.81287827,128.5227897,어린이공원 관련 시설,동백어린이공원,대구광역시 달서구 진천동 623-12,2016,"스트레칭로라, 백스트레칭,트리플트위스트, 공중걷기, 상체근육풀기",대구광역시 달서구 공원녹지과 공원2팀,2024-05-24
35.81284354,128.5327265,어린이공원 관련 시설,무궁화어린이공원,대구광역시 달서구 진천동 812,2018,"스텝사이클, 트리플트위스트, 풀웨이트, 터닝암, 스카이워킹",대구광역시 달서구 공원녹지과 공원2팀,2024-05-24
35.81062139,128.5317932,어린이공원 관련 시설,진달래어린이공원,대구광역시 달서구 진천동 832-3,2015,"크로스컨트리, 트리플트위스트 레그프레스",대구광역시 달서구 공원녹지과 공원2팀,2024-05-24
35.80567268,128.5339067,어린이공원 관련 시설,별메어린이공원,대구광역시 달서구 도원동 1442-4,2009,"양회전, 옆회전, 허리운동,달리기, 윗몸일으키기, 공중걷기,등허리지압기, 역기올리기 + 역기내리기",대구광역시 달서구 공원녹지과 공원2팀,2024-05-24
35.80898835,128.5301225,어린이공원 관련 시설,나래어린이공원,대구광역시 달서구 도원동 1428-1,2009,"스텝싸이클, 크로스컨트리, 풀웨이트",대구광역시 달서구 공원녹지과 공원2팀,2024-05-24
35.80605156,128.529771,어린이공원 관련 시설,아람어린이공원,대구광역시 달서구 도원동 1440-2,2007,"마라톤 운동, 다리 뻗치기,온몸 허리돌리기",대구광역시 달서구 공원녹지과 공원2팀,2024-05-24
35.8082494,128.5381841,어린이공원 관련 시설,사계절어린이공원,대구광역시 달서구 도원동 1438-2,2011,"양회전, 옆회전, 허리운동, 온몸근육풀기, 윗몸일으키기, 허리돌리기, 공중걷기",대구광역시 달서구 공원녹지과 공원2팀,2024-05-24
35.80413975,128.5320265,어린이공원 관련 시설,산새어린이공원,대구광역시 달서구 도원동 1457-1,2011,"아래로당기기,달리기,공중걷기,온몸근육풀기,체스트프레스,로잉머신,공들어올리기,앉아서폐달돌리기",대구광역시 달서구 공원녹지과 공원2팀,2024-05-24
35.80517743,128.5378313,어린이공원 관련 시설,강산어린이공원,대구광역시 달서구 도원동 1443-1,2010,"마라톤 운동, 다리 뻗치기,온몸 허리돌리기, 온몸근육풀기, 윗몸일으키기, 체어풀, 공중걷기,옆파도타기,좌식자전거",대구광역시 달서구 공원녹지과 공원2팀,2024-05-24
35.8104851,128.5480474,어린이공원 관련 시설,당산어린이공원,대구광역시 달서구 상인3동 1569,2015,"마라톤운동+온몸허리돌리기,다리뻗치기+윗몸일으키기,온몸역기올리기+온몸근육풀기",대구광역시 달서구 공원녹지과 공원2팀,2024-05-24
35.81017668,128.552405,어린이공원 관련 시설,비둘기어린이공원,대구광역시 달서구 상인3동 1563-1,2017,"워킹트레이너+트위스트, 체스트풀+디핑, 스윙워커+작은활차,롤링웨이스트+스트레칭롤러",대구광역시 달서구 공원녹지과 공원2팀,2024-05-24
35.81225098,128.5462337,어린이공원 관련 시설,서광어린이공원,대구광역시 달서구 상인3동 1557-1,2015,"워킹트레이너+트위스트,체스트풀+디핑, 스윙워커+작은활차",대구광역시 달서구 공원녹지과 공원2팀,2024-05-24
35.80698102,128.5515198,어린이공원 관련 시설,은행어린이공원,대구광역시 달서구 상인3동 1589,2015,"아래로당기기+앞으로밀기, 온몸근육풀기+어깨근육풀기, 하체흔들기+공중걷기, 로라맛사지머신, 트위스트머신",대구광역시 달서구 공원녹지과 공원2팀,2024-05-24
35.81521471,128.5465971,어린이공원 관련 시설,한빛어린이공원,대구광역시 달서구 상인1동 1522-1,2015,"공중걷기, 허리돌리기 + 파도타기, 등허리지압기",대구광역시 달서구 공원녹지과 공원2팀,2024-05-24
35.83641136,128.5250144,어린이공원 관련 시설,출판밸리소공원,대구광역시 달서구 월성2동 58-1,2015,"허리돌리기, 파도타기+ 상체근육풀기, 공중걷기",대구광역시 달서구 공원녹지과 공원2팀,2024-05-24
35.81601501,128.5489818,어린이공원 관련 시설,송림어린이공원,대구광역시 달서구 상인동 1543,2016,"상체근육풀기,허리돌리기,파도타기",대구광역시 달서구 공원녹지과 공원2팀,2024-05-24
35.81428822,128.5442005,어린이공원 관련 시설,동심어린이공원,대구광역시 달서구 상인동 1523-1,2018,"상체근육풀기,공중걷기,파워싸이클+트위스트, 윗몸일으키기,오금펴기",대구광역시 달서구 공원녹지과 공원2팀,2024-05-24
35.80269646,128.5363319,어린이공원 관련 시설,둥지어린이공원,대구광역시 달서구 도원동 1461,2016,"달리기,허리및하체돌리기+웟몸일으키기,파도타기+상체근육풀기,입식싸이클,크로스컨트리",대구광역시 달서구 공원녹지과 공원2팀,2024-05-24
35.81098757,128.5181519,어린이공원 관련 시설,장미어린이공원,대구광역시 달서구 진천동 780-1,2017,"크로스워킹+스카이워킹,스텐드업+마사지롤, 사이드스윙+터닝암,파워사이클+트위스트",대구광역시 달서구 공원녹지과 공원2팀,2024-05-24
35.81060872,128.5264928,어린이공원 관련 시설,봉숭아어린이공원,대구광역시 달서구 진천동 283-1,2017,"공중걷기,롤링웨이스트,사이드스윙,워밍암",대구광역시 달서구 공원녹지과 공원2팀,2024-05-24
35.80514282,128.5415156,어린이공원 관련 시설,미리샘어린이공원,대구광역시 달서구 도원동 1444-3,2017,"크로스컨트리,옆파도타기+허리돌리기,온몸근육풀기,옆파도타기,좌식자전거",대구광역시 달서구 공원녹지과 공원2팀,2024-05-24
35.81069551,128.53539,어린이공원 관련 시설,감성테마어린이공원,대구광역시 달서구 상인2동 1461,2017,"달리기,허리돌리기,온몸근육풀기",대구광역시 달서구 공원녹지과 공원2팀,2024-05-24
35.81839363,128.5432437,어린이공원 관련 시설,영광어린이공원,대구광역시 달서구 상인1동 1517-1,2017,"트위스트,마사지롤,터닝암",대구광역시 달서구 공원녹지과 공원2팀,2024-05-24
35.81783347,128.5415467,어린이공원 관련 시설,태양어린이공원,대구광역시 달서구 상인1동 1501-1,2018,"터닝암+사이드스윙, 크로스워킹+스카이워킹, 트위스트, 파워싸이클, 바디싣업,오금펴기",대구광역시 달서구 공원녹지과 공원2팀,2024-05-24
35.8336578,128.530132,어린이공원 관련 시설,효성어린이공원,대구광역시 달서구 월성2동 273-1,2018,"파워싸이클+트위스트,크로스워킹+스카이워킹,파워프레스+풀웨이트,사이드스윙+터닝암",대구광역시 달서구 공원녹지과 공원2팀,2024-05-24
35.81647341,128.5472919,어린이공원 관련 시설,새싹어린이공원,대구광역시 달서구 상인1동 1534,2018,"온몸노젓기+온몸허리돌리기, 온몸역기올리기+온몸근육풀기, 하늘걷기+어깨근육풀기",대구광역시 달서구 공원녹지과 공원2팀,2024-05-24
35.80733015,128.5218459,어린이공원 관련 시설,대진어린이공원,대구광역시 달서구 대곡동 1024,2018,"트윈트위스트, 롤링웨이스트, 양팔줄당기기,크로스컨트리+스텝사이클,체어웨이트,레그프레스,워밍암",대구광역시 달서구 공원녹지과 공원2팀,2024-05-24
35.8049038,128.5324963,어린이공원 관련 시설,별모람어린이공원,대구광역시 달서구 도원동 1441-2,2019,"다리뻗치기+윗몸일으키기, 온몸역기올리기+온몸근육풀기, 옆파도타기+온몸허리돌리기",대구광역시 달서구 공원녹지과 공원2팀,2024-05-24
35.84945213,128.5274033,녹지 및 조경 관련 시설,성서홈플러스공원,대구광역시 달서구 용산동 230-11번지,2015,"하체흔들기+공중걷기, 온몸근육풀기+하체흔들기, 허리돌리기+달리기,윗몸일으키기+허리돌리기,아래로당기기+앞으로밀기",대구광역시 달서구 공원녹지과 녹지1팀,2024-05-24
35.86101724,128.533271,녹지 및 조경 관련 시설,용산동 완충녹지(용산영남타운옆),대구광역시 달서구 용산동 915번지,2018,"파도타기+공중걷기, 허리돌리기+윗몸일으키기, 로프당기기+상체근육풀기, 어깨유연성운동+자전거, 파워싸이클+트위스트, 마사지롤, 터닝암+사이드스윙, 크로스워킹+스카이워킹, 로프당기기",대구광역시 달서구 공원녹지과 녹지1팀,2024-05-24
35.8532708,128.4741975,녹지 및 조경 관련 시설,강창교 앞 녹지,대구광역시 달서구 파호동 81,2018,"온몸근육풀기, 하체흔들기, 아래로당기기, 바디싯업, 스트레칭 로라, 레그프레스, 양팔줄당기기 2, 크로스컨트리 2, 트윈트위스트 2,스텝사이클",대구광역시 달서구 공원녹지과 녹지1팀,2024-05-24
35.84824551,128.4821937,녹지 및 조경 관련 시설,호산동 완충녹지(호산고등학교 건너),대구광역시 달서구 호산동 357-71번지,2015,"등허리지압기, 앞으로밀기, 다리로밀기, 온몸근육풀기, 하체흔들기, 노젓기, 허리돌리기, 로프당기기2, 공중걷기",대구광역시 달서구 공원녹지과 녹지1팀,2024-05-24
35.84837042,128.5274293,녹지 및 조경 관련 시설,영남네오빌파크 옆 녹지,대구광역시 달서구 장기동 808-1번지,2017,"온몸근육풀기, 허리돌리기, 공중걷기, 하체흔들기, 달리기, 아래로 당기기, 윗몸일으키키,등허리지압기",대구광역시 달서구 공원녹지과 녹지1팀,2024-05-24
35.8476848,128.5246356,녹지 및 조경 관련 시설,장기동 편백나무 숲,대구광역시 달서구 장기동 391-4번지 일원,2022,"로프당기기, 온몸근육풀기+어깨근육풀기, 허리돌리기+하체흔들기, 아래로당기기+앞으로 밀기",대구광역시 달서구 공원녹지과 녹지1팀,2024-05-24
35.85131121,128.5206844,녹지 및 조경 관련 시설,장기동 완충녹지(보람타운옆),대구광역시 달서구 장기동 101-3번지,2016,"윗몸일으키기, 다리근육풀기, 온몸근육풀기, 하체흔들기+달리기, 허리돌리기+공중걷기",대구광역시 달서구 공원녹지과 녹지1팀,2024-05-24
35.85787774,128.5237058,녹지 및 조경 관련 시설,용산동 완충녹지(용산2동행정복지센터옆),대구광역시 달서구 용산동 390-2번지,2015,"하체흔들기, 허리돌리기",대구광역시 달서구 공원녹지과 녹지1팀,2024-05-24
35.85954935,128.5329843,녹지 및 조경 관련 시설,용산동 완충녹지(청구블루빌 앞),대구광역시 달서구 용산동 916번지,2018,"상체근육풀기, 파도타기, 허리돌리기, 윗몸일으키기, 앞으로 밀기, 로프당기기, 공중걷기, 아래로 당기기",대구광역시 달서구 공원녹지과 녹지1팀,2024-05-24
35.85964211,128.5242157,녹지 및 조경 관련 시설,용산동 완충녹지(용산지하도),대구광역시 달서구 용산동 산28-2번지,2017,"워밍암, 롤링웨이스트, 트윈트위스트",대구광역시 달서구 공원녹지과 녹지1팀,2024-05-24
35.83576482,128.5223978,녹지 및 조경 관련 시설,이곡동 완충녹지(어울림나눔숲),대구광역시 달서구 성서로72길,2016,"마라톤달리기+공중걷기,무릎굽혀펴기+등허리지압기,파도타기+양팔돌리기,노젓기+허리돌리기,자전거타기+허리돌리기,양팔밀기+앉아다리밀기,파도타기+양팔돌리기,무릎굽혀펴기+등허리지압기,양팔밀기+앉아다리밀기,노젓기+허리돌리기",대구광역시 달서구 공원녹지과 녹지1팀,2024-05-24
35.84959496,128.4805856,녹지 및 조경 관련 시설,호산근린공원 서편 완충녹지,"대구광역시 달서구 호산동 400-2번지, 파호동 90-2번지",2016,"온몸근육풀기 2, 윗몸일으키기 2, 등허리지압기 2, 허리돌리기 2, 달리기 2, 근력강화머신, 다리로밀기, 앞으로밀기, 노젓기, 아래로 당기기2, 평행봉, 로프당기기, 하체흔들기",대구광역시 달서구 공원녹지과 녹지1팀,2024-05-24
35.84779162,128.5154471,녹지 및 조경 관련 시설,성서산단 완충녹지(성서동로61길),대구광역시 달서구 장기동 180-35번지,2018,"크로스워킹+스카이워킹, 파워싸이클+트위스트, 스탠드업+마사지롤, 사이드스윙+터닝암",대구광역시 달서구 공원녹지과 녹지1팀,2024-05-24
35.85196809,128.4976053,녹지 및 조경 관련 시설,성서1차 산업단지 연접 녹지,대구광역시 달서구 신당동 1844-3번지,2018,"터닝암+사이드스윙, 크로스워킹+스카이워킹",대구광역시 달서구 공원녹지과 녹지1팀,2024-05-24
35.8510143,128.4953642,녹지 및 조경 관련 시설,성서서로 59길 완충녹지,대구광역시 달서구 성서서로 59길,2022,"하늘걷기4, 달리기4, 허리돌리기3, 앉아당기기5",대구광역시 달서구 공원녹지과 녹지1팀,2024-05-24
35.8566129,128.5723911,녹지 및 조경 관련 시설,두류쉼터 주차장 일원,대구광역시 달서구 두류동 832-5번지,2021,"원그리기+팔관절운동, 가로하늘타기+앉아밀기, 허리돌리기, 자전거, 양팔줄당기기, 하늘걷기+달리기",대구광역시 달서구 공원녹지과 녹지1팀,2024-05-24
35.8523696,128.5138944,녹지 및 조경 관련 시설,성서초등학교 북편 녹지,대구광역시 달서구 이곡동 1258-7번지,2024,"자전거타기+허리돌리기, 윗몸일으키기+등허리지압기, 파도타기+양팔돌리기, 마라톤달리기+공중걷기, 양팔당기기+양팔밀기",대구광역시 달서구 공원녹지과 녹지1팀,2024-05-24
35.79506405,128.5498441,녹지 및 조경 관련 시설,도원동 정자나무,대구광역시 달서구 도원동 1005,2011,"공중걷기,온몸근육풀기,허리돌리기",대구광역시 달서구 공원녹지과 녹지2팀,2024-05-24
35.8286341,128.5164296,녹지 및 조경 관련 시설,중소기업청 유수지(아바코 맞은편),대구광역시 달서구 월암동 1096,2005,"3단철봉1, 허리돌리기1, 평행봉1",대구광역시 달서구 공원녹지과 녹지2팀,2024-05-24
35.82071004,128.5083104,녹지 및 조경 관련 시설,중소기업청 유수지((전)전유산업 맞은편),대구광역시 달서구 대천동 1007,2005,"2단 윗몸일으키기1, 매달려건너기1",대구광역시 달서구 공원녹지과 녹지2팀,2024-05-24
35.82071004,128.5083104,녹지 및 조경 관련 시설,중소기업청 유수지(잘만정공㈜ 맞은편),대구광역시 달서구 대천동 1007,2005,"허리돌리기1, 3단철봉1, 평행봉1",대구광역시 달서구 공원녹지과 녹지2팀,2024-05-24
35.86818529,128.5099209,녹지 및 조경 관련 시설,와룡산,대구광역시 달서구 이곡동 산 7,2014,"온몸근육풀기1, 윗몸일으키기2, 공중걷기1, 허리돌리기1,오금펴기3",대구광역시 달서구 공원녹지과 산림휴양팀,2024-05-24
35.86698603,128.514254,녹지 및 조경 관련 시설,와룡산 쌍룡녹색길10~11(헬기장),대구광역시 달서구 이곡동 산1,2011,"역기올리기1, 2단철봉1, 평행봉1, 윗몸일으키기2, 허리돌리기2",대구광역시 달서구 공원녹지과 산림휴양팀,2024-05-24
35.86574057,128.5082996,녹지 및 조경 관련 시설,와룡산 쌍룡녹색길22,대구광역시 달서구 이곡동 산10,2006,"평행봉1, 2단팔굽혀펴기1, 허리돌리기2, 윗몸일으키기2",대구광역시 달서구 공원녹지과 산림휴양팀,2024-05-24
35.86449202,128.5030099,녹지 및 조경 관련 시설,와룡산 쌍룡녹색길27(배실체력장),대구광역시 달서구 이곡동 산20-2,1998,"3단팔굽혀펴기1, 허리돌리기2, 윗몸일으키기(목재)1, 역기올리기1,하체근육풀기3, 오금펴기(목재)1",대구광역시 달서구 공원녹지과 산림휴양팀,2024-05-24
35.77520266,128.5625703,녹지 및 조경 관련 시설,청룡산,대구광역시 달서구 도원동 산 53,2013,"철봉2, 윗몸일으키기2, 역기2, 평행봉1",대구광역시 달서구 공원녹지과 산림휴양팀,2024-05-24
35.86121624,128.4798033,녹지 및 조경 관련 시설,궁산 쌍룡녹색길 23~24,대구광역시 달서구 호산동 산1,2001,"늑목일으키기1, 윗몸일으키기3,몸통들어올리기1,링잡고흔들기1, 역기올리기1, 하체들어올리기1, 허리돌리기5, 오금펴기1, 철봉1, ",대구광역시 달서구 공원녹지과 산림휴양팀,2024-05-24
35.86195493,128.4975793,녹지 및 조경 관련 시설,궁산,대구광역시 달서구 신당동 산10,2007,"크로스컨트리1, 레그프레스1,스텝싸이클1, 스트레칭로라1, 체어플1, 롤링웨이스트1, 트윈워밍맘1, 트윈트위스트1",대구광역시 달서구 공원녹지과 산림휴양팀,2024-05-24
35.86299364,128.4882847,녹지 및 조경 관련 시설,궁산(한화꿈에그린아파트 105동 뒤),대구광역시 달서구 신당동 산40-5,2017,"공중걷기1, 파도타기2, 공중걷기1, 온몸근육풀기1, 거꾸러매달리기1,역기올리기1",대구광역시 달서구 공원녹지과 산림휴양팀,2024-05-24
35.82754329,128.5606162,녹지 및 조경 관련 시설,앞산(매자골),대구광역시 달서구 송현동 산77-1,1998,"다리근육풀기1, 옆파도타기1,허리돌리기1,등허리지압기1, 온몸노젓기2인용1,하늘걷기2인용1, 온몸역기내리기1, 오금펴기4, 평행봉2, 3단팔굽혀펴기1,윗몸일으키기(목재)2,철봉1, 무릎펴기(목재)6, 에어로빅대1",대구광역시 달서구 공원녹지과 산림휴양팀,2024-05-24
35.81198251,128.5110432,녹지 및 조경 관련 시설,진천천 하천(진천보도교~유라교),대구광역시 달서구 유천동 542-12,2012,"앞으로밀기2, 로프당기기2,허리돌리기2,다리근육풀기2,아래로당기기2, 스윙워커머신2,워킹트레이너머신2,작은활화머신2, 싣업머신2, 골반허리5인조 2",대구광역시 달서구 공원녹지과 녹지2팀,2024-05-24
35.80928294,128.524625,녹지 및 조경 관련 시설,진천동쌈지공원,대구광역시 달서구 진천동 400,2016,"하체흔들기+공중걷기,등허리펴기,윗몸일으키기+허리돌리기,온몸근육풀기+어깨근육풀기",대구광역시 달서구 공원녹지과 녹지2팀,2024-05-24
35.82687773,128.5305959,녹지 및 조경 관련 시설,월곡로(월성네거리~학산중),대구광역시 달서구 월성동 89-1,,"트리플트위스트1, 롤링웨스트1, 스트레칭로라1, 공중걷기1",대구광역시 달서구 공원녹지과 녹지2팀,2024-05-24
35.8243892,128.5624201,녹지 및 조경 관련 시설,앞산,대구광역시 달서구 송현동 산8,2010,"옆파도타기1, 하늘걷기1, 옆파도타기1, 마라톤운동1, 온몸노젓기1, 마라톤운동1",대구광역시 달서구 공원녹지과 산림휴양팀,2024-05-24
35.86534536,128.5184954,녹지 및 조경 관련 시설,와룡산(헬기장 아래),대구광역시 달서구 용산동 산1,,"온몸근육풀기1, 3단철봉1, 허리돌리기1, 거꾸러매달리기1, 윗몸일으키기(목재)2, 어깨운동(목재)1",대구광역시 달서구 공원녹지과 산림휴양팀,2024-05-24
35.86698603,128.514254,녹지 및 조경 관련 시설,와룡산쌍룡녹색길21(불미골쉼터) ,대구광역시 달서구 이곡동 산1,2011,"역기들기(목재)1, 스트레칭로라1, 롤링웨스트1, 허리돌리기1, 온몸근육풀기1, 윗목일으키기(목재) 3, 허리돌리기2, 3단철봉1, 역기대2, 평행봉, 역기내리기, 하체근육풀기",대구광역시 달서구 공원녹지과 산림휴양팀,2024-05-24
35.86449202,128.5030099,녹지 및 조경 관련 시설,와룡산 쌍룡녹색길 28,대구광역시 달서구 이곡동 산20-2,,"2단철봉1, 평행봉1, 역기올리기2, 3단팔굽혀펴기1, 상체숙이기1",대구광역시 달서구 공원녹지과 산림휴양팀,2024-05-24
35.86288342,128.5018702,녹지 및 조경 관련 시설,와룡산 쌍룡녹색길 29,대구광역시 달서구 이곡동 산28,,"윗몸일으키기7, 평행봉1, 3단철봉1, 2단철봉1, 허리돌리기2, 역기올리기1,하체근육풀기(목재)2",대구광역시 달서구 공원녹지과 산림휴양팀,2024-05-24
35.81766491,128.5015626,녹지 및 조경 관련 시설,대명천 수림지 공원(파크골프),대구광역시 달서구 대천동 699,,"레그프레스1,트리플트위스트1,오버턴스스트레칭1(삭제),롤링웨스트1,스텝사이클1,체어플1, 스트레칭로라1,트윈바디싣업1,핸들웨이트1,크로스컨트리1",대구광역시 달서구 공원녹지과 녹지2팀,2024-05-24
35.83322975,128.4996906,녹지 및 조경 관련 시설,성서어린이집 옆,대구광역시 달서구 월암동 1-30,,"온몬근육풀기, 윗몸일으키기, 다리풀기",대구광역시 달서구 공원녹지과 녹지2팀,2024-05-24
35.83473445,128.525114,녹지 및 조경 관련 시설,출판인쇄벨리출판인쇄정보밸리,대구광역시 달서구 월성동 1794-9,,"파워프레스+풀웨이트,터닝암+사이드스윙,파워싸이클+트위스트",대구광역시 달서구 공원녹지과 녹지2팀,2024-05-24
3538093617,128.5301585,녹지 및 조경 관련 시설,상화로 완충녹지(나래아파트 812동),도원동 1427,,"온몸+어깨근육풀기1, 허리돌리기+하체흔들기1, 달리기+공중걷기1",대구광역시 달서구 공원녹지과 녹지2팀,2024-05-24
35.8093379,128.5379915,녹지 및 조경 관련 시설,상화로 완충녹지(사계절아파트 302동),도원동 1438-1,,"온몸+어깨근육풀기1, 허리돌리기+하체흔들기1, 달리기+공중걷기1",대구광역시 달서구 공원녹지과 녹지2팀,2024-05-24
35.8093901,128.5333245,녹지 및 조경 관련 시설,상화로 완충녹지(한실들마을 512동),도원동 1429-1,,"롤링웨이스트+트윈워밍암1, 크로스컨트리+트위스트1",대구광역시 달서구 공원녹지과 녹지2팀,2024-05-24
35.8084939,128.5411619,녹지 및 조경 관련 시설,상화로 완충녹지(가람마을 105동),도원동 1439-1,,"양팔줄당기기1, 크로스컨트리+입식사이클1",대구광역시 달서구 공원녹지과 녹지2팀,2024-05-24
35.8123949,128.5366142,녹지 및 조경 관련 시설,모아엘가 공공공지,상인동 1603,,"워밍암1, 롤링웨이스트1, 크로스컨트리1",대구광역시 달서구 공원녹지과 녹지2팀,2024-05-24
35.806669,128.514781,녹지 및 조경 관련 시설,대진고등학교 옆 등산로,대구광역시 달서구 대곡동 산126,2020,"철봉, 평행봉, 터닝암+푸시웨이트, 윗몸일으키기, 파도타기",대구광역시 달서구 공원녹지과 산림휴양팀,2024-05-24
35.802206,128.523409,녹지 및 조경 관련 시설,대진초등학교 앞 등산로,대구광역시 달서구 대곡동 산152,2021,"허리돌리기+양팔돌리기, 윗몸일으키기+마라톤달리기",대구광역시 달서구 공원녹지과 산림휴양팀,2024-05-24
